{
  "pulses_per_mm_x": 45.66532495351082,
  "pulses_per_mm_y": 45.53545232273839,
  "pulses_per_mm_z": 55.97
}